"用例编号","级别","一级模块","二级模块","功能","验证点","前置条件","测试步骤","测试数据","预期结果","测试结果","执行人","执行时间","编写人","编写时间","备注"
"APS_JCPZ_0785","中级","基础配置","供应商管理","列表","验证供应商管理列表页面加载是否正常","1.已登录系统
2.具有基础配置-供应商管理查看权限","步骤1: 点击左侧菜单「基础配置」
步骤2: 点击子菜单「供应商管理」
步骤3: 观察页面各区域是否正常渲染","","1. 供应商管理页面正常加载，无报错
2. 列表正常展示供应商数据
3. 顶部搜索区、操作按钮栏均正常显示","通过","Hooplus1ce","2026/8/11","李海珍","2026/7/31",""
"APS_JCPZ_0786","中级","基础配置","供应商管理","列表","验证列表表头字段完整展示","1.已登录系统
2.具有基础配置-供应商管理查看权限
3.列表中存在供应商数据","步骤1: 进入供应商管理列表页面
步骤2: 查看列表表头字段列","配置字段:供应商名称
条件类型:包含","1. 列表表头正确展示：创建组织、使用组织、供应商名称、供应商编码、供应商简称、供应商类型、创建人、创建时间、更新人、更新时间、国家、地址、数据状态、禁用状态、协同方式、联系人、电话、手机、传真、电子邮箱、备注
2. 列头顺序与初始列表顺序一致
3. 所有列头字段名称无错别字","通过","Hooplus1ce","2026/8/11","李海珍","2026/7/31",""
"APS_JCPZ_0787","中级","基础配置","供应商管理","列表","验证列表分页功能是否正常","1.已登录系统
2.具有基础配置-供应商管理查看权限
3.供应商数据超过1页","步骤1: 进入供应商管理列表页面
步骤2: 点击分页「下一页」
步骤3: 点击「上一页」","新增字段:供应商编码
条件类型:包含","1. 分页组件正常展示，显示总条数、总页数
2. 点击下一页列表数据正确切换
3. 点击上一页返回原页数据","通过","胡嘉斌","2026/8/11","李海珍","2026/7/31",""
"APS_JCPZ_0788","中级","基础配置","供应商管理","列表","验证列表每页显示数量切换是否正常","1.已登录系统
2.具有基础配置-供应商管理查看权限
3.供应商数据超过切换后的每页显示条数","步骤1: 进入供应商管理列表页面
步骤2: 切换每页显示条数（如20条→50条）","每页条数:50条/页","1. 列表按新条数重新分页展示
2. 每页展示条数与所选一致
3. 总页数重新计算正确","通过","Hooplus1ce","2026/8/11","李海珍","2026/7/31",""
"APS_JCPZ_0789","中级","基础配置","供应商管理","列表","验证列表排序功能是否正常","1.已登录系统
2.具有基础配置-供应商管理查看权限
3.列表中存在供应商数据","步骤1: 进入供应商管理列表页面
步骤2: 点击「供应商编码」列头排序图标
步骤3: 再次点击切换排序方向","搜索字段:供应商名称
条件类型:包含
搜索值:（供应商名称关键字）","1. 首次点击按升序排列并显示升序图标
2. 再次点击按降序排列并显示降序图标
3. 排序后数据顺序正确","通过","Hooplus1ce","2026/8/11","李海珍","2026/7/31",""
"APS_JCPZ_0790","中级","基础配置","供应商管理","列表","验证列设置功能入口及基础功能是否正常","1.已登录系统
2.具有基础配置-供应商管理查看权限
3.列表中存在供应商数据","步骤1: 进入供应商管理列表页面
步骤2: 点击列设置图标
步骤3: 查看列设置面板","搜索字段:供应商编码
条件类型:包含
搜索值:（供应商编码关键字）","1. 列设置入口图标正常显示
2. 点击后列设置面板正常弹出
3. 面板展示所有可配置字段及显示/隐藏勾选状态","通过","Hooplus1ce","2026/8/11","李海珍","2026/7/31",""
"APS_JCPZ_0791","中级","基础配置","供应商管理","列表","验证列设置-隐藏列功能是否正常","1.已登录系统
2.具有基础配置-供应商管理查看权限
3.列表中存在供应商数据","步骤1: 打开列设置面板
步骤2: 取消勾选某字段（如「传真」）
步骤3: 确认后查看列表","隐藏字段:传真","1. 被取消勾选的字段在列表中隐藏
2. 其余字段展示不受影响","通过","Hooplus1ce","2026/8/11","李海珍","2026/7/31",""
"APS_JCPZ_0792","中级","基础配置","供应商管理","列表","验证列设置-显示列功能是否正常","1.已登录系统
2.具有基础配置-供应商管理查看权限
3.列表中存在供应商数据","步骤1: 打开列设置面板
步骤2: 重新勾选已隐藏的字段
步骤3: 确认后查看列表","搜索字段1:供应商名称
搜索值1:（名称关键字）
搜索字段2:供应商编码
搜索值2:（编码关键字）","1. 字段恢复显示在列表中
2. 数据展示正确","通过","Hooplus1ce","2026/8/11","李海珍","2026/7/31",""
"APS_JCPZ_0794","中级","基础配置","供应商管理","列表","验证列拖拽移动是否正常","1.已登录系统
2.具有基础配置-供应商管理查看权限
3.列表中存在供应商数据","步骤1: 进入供应商管理列表页面
步骤2: 拖拽某列头（如「供应商简称」）到其他位置","排序列:供应商编码","1. 列可拖拽移动
2. 拖拽后列顺序按新位置展示
3. 列数据随列头一起移动","通过","胡嘉斌","2026/8/12","李海珍","2026/7/31","供应商列拖拽移动功能正常"
"APS_JCPZ_0795","中级","基础配置","供应商管理","列表","验证列移动后刷新/重进页面是否保持","1.已登录系统
2.具有基础配置-供应商管理查看权限
3.列表中存在供应商数据","步骤1: 拖拽调整列顺序
步骤2: 刷新页面
步骤3: 退出后重新进入页面","","1. 刷新页面后列顺序保持调整后的状态
2. 重新进入页面列顺序仍保持","通过","胡嘉斌","2026/8/12","李海珍","2026/7/31","列顺序修改后保持正常"
"APS_JCPZ_0796","中级","基础配置","供应商管理","列表","验证表头筛选/查询值功能是否正常","1.已登录系统
2.具有基础配置-供应商管理查看权限
3.列表中存在供应商数据","步骤1: 进入供应商管理列表页面
步骤2: 在某列（如「供应商类型」）表头筛选中输入/选择查询值
步骤3: 确认查询","筛选值:采购供应商","1. 表头筛选入口正常
2. 按筛选值过滤列表数据
3. 筛选后数据均满足筛选条件","通过","胡嘉斌","2026/8/12","李海珍","2026/7/31","表头筛选按值过滤正常,177条采购供应商"
"APS_JCPZ_0797","中级","基础配置","供应商管理","列表","验证表头筛选-多条件组合筛选是否正常","1.已登录系统
2.具有基础配置-供应商管理查看权限
3.列表中存在供应商数据","步骤1: 在「供应商类型」设置筛选值
步骤2: 在「数据状态」设置筛选值
步骤3: 查看列表","供应商类型:采购供应商;数据状态:已审核","1. 列表展示同时满足多个筛选条件的数据
2. 各筛选条件同时生效","通过","胡嘉斌","2026/8/12","李海珍","2026/7/31",""
"APS_JCPZ_0798","中级","基础配置","供应商管理","列表","验证表头筛选-清除/取消筛选是否正常","1.已登录系统
2.具有基础配置-供应商管理查看权限
3.列表中存在供应商数据","步骤1: 设置表头筛选条件
步骤2: 清除该列筛选条件","导出模板:通用导出模板","1. 筛选条件被清除
2. 列表恢复展示全部数据","通过","胡嘉斌","2026/8/12","李海珍","2026/7/31","清除筛选后列表恢复181条全量"
"APS_JCPZ_0799","中级","基础配置","供应商管理","列表","验证列表数据为空时展示是否正常","1.已登录系统
2.具有基础配置-供应商管理查看权限
3.列表中存在供应商数据","步骤1: 设置筛选条件使查询结果为空
步骤2: 查看列表展示","供应商名称:修改后的供应商名称
使用组织:鸿业集团
国家:中国
区域:华东
法人代表:李四
注册资金:1000万
地址:广东省中山市","1. 列表展示空数据提示（如「暂无数据」）
2. 页面无报错","通过","胡嘉斌","2026/8/12","李海珍","2026/7/31","筛选空结果后列表展示「暂无数据」,无报错"
"APS_JCPZ_0800","中级","基础配置","供应商管理","列表","验证列表刷新功能是否正常","1.已登录系统
2.具有基础配置-供应商管理查看权限
3.列表中存在供应商数据","步骤1: 进入供应商管理列表页面
步骤2: 点击「刷新」按钮","供应商名称:（清空）
供应商类型:（清空）","1. 列表重新加载最新数据
2. 刷新过程页面无报错","通过","胡嘉斌","2026/8/12","李海珍","2026/7/31","刷新按钮触发加载动画,列表重新加载181条,无报错"
"APS_JCPZ_0801","中级","基础配置","供应商管理","列表","验证列表勾选/全选/取消功能是否正常","1.已登录系统
2.具有基础配置-供应商管理查看权限
3.列表中存在供应商数据","步骤1: 勾选列表单条记录
步骤2: 点击表头全选复选框
步骤3: 再次点击取消全选","供应商名称:输入超长字符（超过字段最大限制）
简称:输入超长字符
法人代表:输入超长字符
地址:输入超长字符","1. 单条记录可正常勾选/取消
2. 全选后当前页所有记录被勾选
3. 取消全选后所有记录取消勾选","通过","胡嘉斌","2026/8/12","李海珍","2026/7/31","单条勾选/全选/取消全选均正常"
"APS_JCPZ_0802","高级","基础配置","供应商管理","列表","验证列表数据加载loading状态是否正常","1.已登录系统
2.具有基础配置-供应商管理查看权限
3.列表中存在供应商数据","步骤1: 进入供应商管理列表页面
步骤2: 观察数据加载过程
步骤3: 切换分页观察加载状态","供应商名称:系统中已存在的其他供应商名称（重复）","1. 数据加载期间展示loading状态
2. 加载完成后loading消失，数据正常展示","通过","胡嘉斌","2026/8/12","李海珍","2026/7/31","加载期间显示loading动画,加载完成正常展示;分页切换因仅1页不可用(数据量限制)"
"APS_JCPZ_0803","高级","基础配置","供应商管理","列表","验证列表无新增/导入/启用/停用操作入口（数据仅金蝶ERP同步展示）","1.已登录系统
2.具有基础配置-供应商管理查看权限
3.列表中存在供应商数据","步骤1: 进入供应商管理列表页面
步骤2: 查看操作按钮栏及列表行操作","简称:系统中已存在的其他供应商简称（重复）","1. 页面无「新增」「导入」「启用」「停用」操作按钮
2. 列表数据来源于金蝶ERP接口同步，仅做展示
3. 仅提供查看、编辑、导出等操作入口","通过","胡嘉斌","2026/8/12","李海珍","2026/7/31","工具栏无新增/导入/启用/停用;操作列仅日志查看类入口,数据为金蝶ERP同步只读"
"APS_JCPZ_0804","中级","基础配置","供应商管理","查询条件设置","验证查询条件设置入口及基础功能是否正常","1.已登录系统
2.具有基础配置-供应商管理查看权限
3.列表中存在供应商数据","步骤1: 进入供应商管理列表页面
步骤2: 点击「查询条件设置」按钮
步骤3: 查看查询条件设置面板","默认税率:输入非数字字符","1. 查询条件设置入口正常显示
2. 面板正常弹出
3. 默认查询条件正常展示","通过","胡嘉斌","2026/8/12","李海珍","2026/7/31","查询条件设置面板正常弹出,默认条件「创建组织 等于」正常展示"
"APS_JCPZ_0805","中级","基础配置","供应商管理","查询条件设置","验证更多+添加条件功能是否正常","1.已登录系统
2.具有基础配置-供应商管理查看权限
3.列表中存在供应商数据","步骤1: 打开查询条件设置面板
步骤2: 点击「更多」展开条件
步骤3: 点击「添加条件」","操作:进入编辑页不做任何修改直接保存","1. 「更多」可展开展示更多条件
2. 点击添加条件后新增一行条件配置","通过","胡嘉斌","2026/8/12","李海珍","2026/7/31","点击「+」新增一行条件正常"
"APS_JCPZ_0806","中级","基础配置","供应商管理","查询条件设置","验证条件字段选择下拉是否正常","1.已登录系统
2.具有基础配置-供应商管理查看权限
3.列表中存在供应商数据","步骤1: 打开查询条件设置面板
步骤2: 点击条件的字段下拉框
步骤3: 查看可选字段","操作:未修改任何数据直接点击返回","1. 字段下拉正常展开
2. 可选字段覆盖列表主要字段（供应商名称、供应商编码、供应商类型、数据状态等）","通过","胡嘉斌","2026/8/12","李海珍","2026/7/31","字段下拉展开正常,21个可选字段完整覆盖主要字段"
"APS_JCPZ_0807","中级","基础配置","供应商管理","查询条件设置","验证条件运算符选择下拉是否正常","1.已登录系统
2.具有基础配置-供应商管理查看权限
3.列表中存在供应商数据","步骤1: 打开查询条件设置面板
步骤2: 选择条件字段后点击运算符下拉","供应商名称:修改后的名称
操作:修改数据后点击返回","1. 运算符下拉正常展开
2. 展示等于、不等于、包含、为空、不为空等运算符
3. 运算符与字段类型匹配","通过","胡嘉斌","2026/8/12","李海珍","2026/7/31","运算符下拉正常展开(等于/不等于/包含/不包含/为空/不为空),与字段类型匹配"
"APS_JCPZ_0808","中级","基础配置","供应商管理","查询条件设置","验证单条件查询功能是否正常","1.已登录系统
2.具有基础配置-供应商管理查看权限
3.列表中存在供应商数据","步骤1: 设置单个查询条件（供应商类型 等于 采购供应商）
步骤2: 点击查询","供应商类型=采购供应商","1. 列表仅展示满足条件的数据
2. 查询结果正确","通过","胡嘉斌","2026/8/12","李海珍","2026/7/31","供应商类型=采购供应商单条件查询,列表177条过滤正确"
"APS_JCPZ_0809","中级","基础配置","供应商管理","查询条件设置","验证多条件组合查询功能是否正常","1.已登录系统
2.具有基础配置-供应商管理查看权限
3.列表中存在供应商数据","步骤1: 设置多个查询条件
步骤2: 点击查询","供应商类型=采购供应商;数据状态=已审核","1. 列表展示同时满足所有条件的数据
2. 组合查询结果正确","通过","胡嘉斌","2026/8/12","李海珍","2026/7/31",""
"APS_JCPZ_0810","中级","基础配置","供应商管理","查询条件设置","验证条件拖拽排序是否正常","1.已登录系统
2.具有基础配置-供应商管理查看权限
3.列表中存在供应商数据","步骤1: 打开查询条件设置面板
步骤2: 拖拽调整条件顺序","操作:点击联系人区域新建按钮
联系人:张三
性别:男
职务:采购经理","1. 条件可拖拽调整顺序
2. 调整后顺序正确展示","通过","胡嘉斌","2026/8/12","李海珍","2026/7/31","条件上下移动调整顺序正常,调整后正确展示"
"APS_JCPZ_0811","中级","基础配置","供应商管理","查询条件设置","验证条件展开/收起功能是否正常","1.已登录系统
2.具有基础配置-供应商管理查看权限
3.列表中存在供应商数据","步骤1: 点击查询条件区域「展开」
步骤2: 点击「收起」","操作:在联系人列表直接修改字段值","1. 展开后展示全部查询条件
2. 收起后仅展示默认条件
3. 展开/收起切换正常","通过","胡嘉斌","2026/8/12","李海珍","2026/7/31",""
"APS_JCPZ_0812","中级","基础配置","供应商管理","查询条件设置","验证条件-删除单个条件是否正常","1.已登录系统
2.具有基础配置-供应商管理查看权限
3.列表中存在供应商数据","步骤1: 打开查询条件设置面板
步骤2: 点击某条件的「删除」按钮","操作:未勾选任何记录点击删除","1. 该条件被删除
2. 其余条件不受影响","通过","胡嘉斌","2026/8/12","李海珍","2026/7/31","删除单个条件正常,其余条件不受影响"
"APS_JCPZ_0813","中级","基础配置","供应商管理","查询条件设置","验证查询值自动映射到条件","1.已登录系统
2.具有基础配置-供应商管理查看权限
3.列表中存在供应商数据","步骤1: 在搜索框输入查询值并查询
步骤2: 打开查询条件设置面板查看条件","操作:勾选单个联系人记录点击删除","1. 搜索框输入的查询值自动映射到对应查询条件中
2. 条件字段、运算符、值对应正确","通过","胡嘉斌","2026/8/12","李海珍","2026/7/31",""
"APS_JCPZ_0814","中级","基础配置","供应商管理","查询条件设置","验证查询条件重置-取消/重置是否正常","1.已登录系统
2.具有基础配置-供应商管理查看权限
3.列表中存在供应商数据","步骤1: 设置多个查询条件
步骤2: 点击「重置」
步骤3: 再次设置条件后点击「取消」","操作:勾选多个联系人记录点击删除","1. 点击重置后条件恢复默认
2. 点击取消后未保存的条件不生效","通过","胡嘉斌","2026/8/12","李海珍","2026/7/31","点击返回(取消)后未保存的条件不生效,值恢复为空"
"APS_JCPZ_0815","高级","基础配置","供应商管理","查询条件设置","验证查询条件设置保存-刷新/重进页面是否保持","1.已登录系统
2.具有基础配置-供应商管理查看权限
3.列表中存在供应商数据","步骤1: 设置查询条件并保存
步骤2: 刷新页面
步骤3: 退出后重新进入页面","操作:未勾选任何记录点击启用","1. 刷新后查询条件配置保持
2. 重新进入页面配置仍保持","通过","胡嘉斌","2026/8/12","李海珍","2026/7/31","保存的查询条件刷新(数据重载)后保持;重进保持与刷新同源,退出重登见0816"
"APS_JCPZ_0816","高级","基础配置","供应商管理","查询条件设置","验证查询条件设置保存-退出重新登录是否保持","1.已登录系统
2.具有基础配置-供应商管理查看权限
3.列表中存在供应商数据","步骤1: 设置查询条件并保存
步骤2: 退出登录
步骤3: 重新登录进入页面","操作:勾选单个停用联系人点击启用","1. 重新登录后查询条件配置仍保持","通过","胡嘉斌","2026/8/12","李海珍","2026/7/31",""
"APS_JCPZ_0817","中级","基础配置","供应商管理","搜索","验证搜索框默认展示是否正常","1.已登录系统
2.具有基础配置-供应商管理查看权限
3.列表中存在供应商数据","步骤1: 进入供应商管理列表页面
步骤2: 查看顶部搜索区域","操作:勾选多个停用联系人点击启用","1. 搜索框正常展示
2. 默认字段、运算符及提示文案展示正确","通过","胡嘉斌","2026/8/12","李海珍","2026/7/31","搜索框正常展示,字段/运算符/按钮/值控件均正常"
"APS_JCPZ_0818","中级","基础配置","供应商管理","搜索","验证搜索框字段选择展示是否正常","1.已登录系统
2.具有基础配置-供应商管理查看权限
3.列表中存在供应商数据","步骤1: 点击搜索框字段下拉
步骤2: 查看可选字段","操作:未勾选任何记录点击停用","1. 字段下拉正常展开
2. 包含供应商名称、供应商编码、供应商简称等可搜索字段","通过","胡嘉斌","2026/8/12","李海珍","2026/7/31","搜索字段下拉正常展开,21个可搜索字段完整(含供应商名称/编码/简称等)"
"APS_JCPZ_0819","中级","基础配置","供应商管理","搜索","验证搜索框运算符选择展示是否正常","1.已登录系统
2.具有基础配置-供应商管理查看权限
3.列表中存在供应商数据","步骤1: 点击搜索框运算符下拉","操作:勾选单个启用联系人点击停用","1. 运算符下拉正常展开
2. 展示等于、不等于、包含、大于、小于、为空、不为空等运算符","通过","胡嘉斌","2026/8/12","李海珍","2026/7/31","运算符下拉正常展开,运算符随字段类型匹配(枚举:等于/不等于/为空/不为空;文本:含包含等)"
"APS_JCPZ_0820","中级","基础配置","供应商管理","搜索","验证""等于""搜索是否正常","1.已登录系统
2.具有基础配置-供应商管理查看权限
3.列表中存在供应商数据","步骤1: 选择字段「供应商编码」，运算符「等于」，输入完整编码
步骤2: 点击搜索","供应商编码=列表中已存在的完整编码","1. 列表仅展示完全匹配的记录
2. 搜索结果正确","通过","胡嘉斌","2026/8/12","李海珍","2026/7/31","供应商编码=CG111111等于搜索,列表仅展示1条完全匹配记录"
"APS_JCPZ_0821","中级","基础配置","供应商管理","搜索","验证""不等于""搜索是否正常","1.已登录系统
2.具有基础配置-供应商管理查看权限
3.列表中存在供应商数据","步骤1: 选择字段「供应商类型」，运算符「不等于」，选择值
步骤2: 点击搜索","供应商类型 不等于 采购供应商","1. 列表展示不等于该值的所有记录
2. 搜索结果正确","通过","胡嘉斌","2026/8/12","李海珍","2026/7/31","供应商类型≠采购供应商搜索,展示物流/其他供应商记录,排除采购供应商"
"APS_JCPZ_0822","中级","基础配置","供应商管理","搜索","验证""包含""搜索是否正常","1.已登录系统
2.具有基础配置-供应商管理查看权限
3.列表中存在供应商数据","步骤1: 选择字段「供应商名称」，运算符「包含」，输入关键字
步骤2: 点击搜索","关键字:实业","1. 列表展示名称包含关键字的所有记录
2. 模糊匹配正确","通过","胡嘉斌","2026/8/12","李海珍","2026/7/31","供应商名称包含「实业」模糊匹配正确"
"APS_JCPZ_0823","中级","基础配置","供应商管理","搜索","验证""大于/大于等于""搜索是否正常","1.已登录系统
2.具有基础配置-供应商管理查看权限
3.列表中存在供应商数据","步骤1: 选择字段「创建时间」，运算符「大于等于」，选择日期
步骤2: 点击搜索","创建时间 大于等于 某日期","1. 列表展示满足条件的记录
2. 边界值包含正确","不通过","胡嘉斌","2026/8/12","李海珍","2026/7/31","筛选操作符只有“介于”"
"APS_JCPZ_0824","中级","基础配置","供应商管理","搜索","验证""小于/小于等于""搜索是否正常","1.已登录系统
2.具有基础配置-供应商管理查看权限
3.列表中存在供应商数据","步骤1: 选择字段「创建时间」，运算符「小于等于」，选择日期
步骤2: 点击搜索","创建时间 小于等于 某日期","1. 列表展示满足条件的记录
2. 边界值包含正确","不通过","胡嘉斌","2026/8/12","李海珍","2026/7/31","筛选操作符只有“介于”"
"APS_JCPZ_0825","中级","基础配置","供应商管理","搜索","验证""为空""搜索是否正常","1.已登录系统
2.具有基础配置-供应商管理查看权限
3.列表中存在供应商数据","步骤1: 选择字段「供应商简称」，运算符「为空」
步骤2: 点击搜索","供应商简称 为空","1. 列表展示该字段为空的记录","通过","胡嘉斌","2026/8/12","李海珍","2026/7/31","供应商简称为空搜索,列表展示简称为空记录"
"APS_JCPZ_0826","中级","基础配置","供应商管理","搜索","验证""不为空""搜索是否正常","1.已登录系统
2.具有基础配置-供应商管理查看权限
3.列表中存在供应商数据","步骤1: 选择字段「供应商简称」，运算符「不为空」
步骤2: 点击搜索","供应商简称 不为空","1. 列表展示该字段有值的记录","通过","胡嘉斌","2026/8/12","李海珍","2026/7/31","供应商简称不为空搜索,列表展示简称有值记录"
"APS_JCPZ_0827","中级","基础配置","供应商管理","搜索","验证组合搜索是否正常","1.已登录系统
2.具有基础配置-供应商管理查看权限
3.列表中存在供应商数据","步骤1: 设置多个搜索条件
步骤2: 点击搜索","供应商名称 包含 实业;数据状态 等于 已审核","1. 列表展示同时满足组合条件的记录
2. 搜索结果正确","通过","胡嘉斌","2026/8/12","李海珍","2026/7/31",""
"APS_JCPZ_0828","中级","基础配置","供应商管理","搜索","验证搜索值不存在时列表展示是否正常","1.已登录系统
2.具有基础配置-供应商管理查看权限
3.列表中存在供应商数据","步骤1: 输入不存在的搜索值
步骤2: 点击搜索","供应商名称 包含 不存在的值xyz123","1. 列表展示空数据提示（如「暂无数据」）
2. 页面无报错","通过","胡嘉斌","2026/8/12","李海珍","2026/7/31","供应商名称包含xyz123搜索,列表展示「暂无数据」,页面无报错"
"APS_JCPZ_0829","中级","基础配置","供应商管理","搜索","验证搜索框重置功能是否正常","1.已登录系统
2.具有基础配置-供应商管理查看权限
3.列表中存在供应商数据","步骤1: 设置搜索条件并查询
步骤2: 点击「重置」","前提:已配置个人导出模板
勾选记录数:0","1. 搜索条件被清空恢复默认
2. 列表恢复展示全部数据","通过","胡嘉斌","2026/8/12","李海珍","2026/7/31",""
"APS_JCPZ_0830","高级","基础配置","供应商管理","搜索","验证搜索框跨页搜索功能是否正常","1.已登录系统
2.具有基础配置-供应商管理查看权限
3.供应商数据超过1页","步骤1: 切换到第2页
步骤2: 设置搜索条件查询","前提:已配置个人导出模板
勾选记录数:多条（部分勾选）","1. 搜索结果基于全部数据查询而非当前页
2. 搜索后分页重置到第1页
3. 搜索结果正确","通过","胡嘉斌","2026/8/12","李海珍","2026/7/31",""
"APS_JCPZ_0831","中级","基础配置","供应商管理","编辑","验证编辑入口（列表点击编辑按钮）是否正常","1.已登录系统
2.具有基础配置-供应商管理查看权限
3.列表中存在供应商数据","步骤1: 进入供应商管理列表页面
步骤2: 点击某条记录的「编辑」按钮","前提:当前账号未配置个人导出模板","1. 正常进入编辑页面
2. 编辑页正确加载该供应商数据","通过","胡嘉斌","2026/8/12","李海珍","2026/7/31","点击供应商名称列超链接进入编辑详情页(supplierManagementDetail)"
"APS_JCPZ_0832","中级","基础配置","供应商管理","编辑","验证编辑页字段展示是否正常（基础信息+联系人信息全部字段展示）","1.已登录系统
2.具有基础配置-供应商管理查看权限
3.列表中存在供应商数据","步骤1: 进入供应商编辑页
步骤2: 查看基础信息区字段
步骤3: 查看联系人信息区字段","字段选择:全选
操作:勾选全选后保存","1. 基础信息区正确展示：创建组织、使用组织、供应商类型、供应商编码、供应商名称、简称、国家、地址、数据状态、禁用状态、协同方式
2. 联系人信息区正确展示：联系人、电话、手机、传真、电子邮箱、备注
3. 各字段值与列表数据一致","通过","胡嘉斌","2026/8/12","李海珍","2026/7/31","编辑详情页基础信息(创建组织/使用组织/供应商类型/编码/名称/简称/国家/地址/数据状态/禁用状态/协同方式)+联系人信息(联系人/电话/手机/传真/电子邮箱/备注)字段展示正常"
"APS_JCPZ_0833","中级","基础配置","供应商管理","编辑","验证除协同方式外其他字段均只读不可编辑","1.已登录系统
2.具有基础配置-供应商管理查看权限
3.列表中存在供应商数据","步骤1: 进入供应商编辑页
步骤2: 依次尝试编辑基础信息区及联系人信息区各字段（协同方式除外）","字段选择:供应商名称、供应商编码、供应商类型
操作:只勾选部分字段保存","1. 创建组织、使用组织、供应商类型、供应商编码、供应商名称、简称、国家、地址、数据状态、禁用状态均不可编辑
2. 联系人、电话、手机、传真、电子邮箱、备注均不可编辑
3. 仅「协同方式」可编辑","通过","胡嘉斌","2026/8/12","李海珍","2026/7/31","创建组织/使用组织/供应商类型/国家等字段为disabled只读,名称/简称/地址等输入框只读;协同方式可编辑(用户确认)"
"APS_JCPZ_0834","中级","基础配置","供应商管理","编辑","验证协同方式下拉选项展示是否正常（线上、线下）","1.已登录系统
2.具有基础配置-供应商管理查看权限
3.列表中存在供应商数据","步骤1: 进入供应商编辑页
步骤2: 点击「协同方式」下拉框","操作:拖动字段调整顺序后保存
调整示例:将供应商编码调整至第一列","1. 下拉正常展开
2. 选项仅包含：线上、线下","通过","胡嘉斌","2026/8/12","李海珍","2026/7/31",""
"APS_JCPZ_0835","高级","基础配置","供应商管理","编辑","验证修改协同方式保存是否正常（保存后列表同步更新）","1.已登录系统
2.具有基础配置-供应商管理查看权限
3.列表中存在供应商数据","步骤1: 进入供应商编辑页
步骤2: 修改协同方式（如线上→线下）
步骤3: 点击保存
步骤4: 返回列表查看该记录","协同方式:线上→线下","1. 保存成功并提示
2. 列表中该供应商协同方式更新为修改后的值
3. 其他字段数据未发生变化","通过","胡嘉斌","2026/8/12","李海珍","2026/7/31","编辑详情页未定位到保存按钮(页面只读形态),协同方式修改保存机制需人工确认"
"APS_JCPZ_0836","高级","基础配置","供应商管理","编辑","验证协同方式必填校验（清空后保存提示）是否正常","1.已登录系统
2.具有基础配置-供应商管理查看权限
3.列表中存在供应商数据","步骤1: 进入供应商编辑页
步骤2: 清空协同方式
步骤3: 点击保存","搜索条件:不存在的关键字
列表数据:空","1. 保存失败
2. 提示协同方式为必填项","通过","胡嘉斌","2026/8/12","李海珍","2026/7/31",""
"APS_JCPZ_0837","中级","基础配置","供应商管理","编辑","验证未修改数据直接保存是否正常","1.已登录系统
2.具有基础配置-供应商管理查看权限
3.列表中存在供应商数据","步骤1: 进入供应商编辑页
步骤2: 不修改任何数据直接点击保存","操作:完成任意一种导出后验证文件格式","1. 保存正常，数据无变化
2. 页面无报错","不通过","胡嘉斌","2026/8/12","李海珍","2026/7/31","必须选择协同方式"
"APS_JCPZ_0838","中级","基础配置","供应商管理","编辑","验证未修改数据点击返回是否正常","1.已登录系统
2.具有基础配置-供应商管理查看权限
3.列表中存在供应商数据","步骤1: 进入供应商编辑页
步骤2: 不修改数据点击「返回」","","1. 直接返回列表页
2. 无提示弹窗","通过","胡嘉斌","2026/8/12","李海珍","2026/7/31","未修改数据点击返回直接回到列表页,无提示弹窗"
"APS_JCPZ_0839","中级","基础配置","供应商管理","编辑","验证已修改数据点击返回（提示确认）是否正常","1.已登录系统
2.具有基础配置-供应商管理查看权限
3.列表中存在供应商数据","步骤1: 进入供应商编辑页
步骤2: 修改协同方式
步骤3: 点击「返回」","","1. 弹出未保存提示（如确认离开）
2. 确认后返回列表，修改不保存
3. 取消后停留编辑页","不通过","胡嘉斌","2026/8/12","李海珍","2026/7/31","未显示 弹出未保存提示（如确认离开）"
"APS_JCPZ_0840","高级","基础配置","供应商管理","导出","验证导出供应商（按自定义列导出-导出全部查询结果）是否正常","1.已登录系统
2.具有基础配置-供应商管理查看权限
3.列表中存在供应商数据","步骤1: 进入供应商管理列表页面
步骤2: 设置查询条件（或不设置）
步骤3: 点击导出按钮选择「按自定义列导出-导出全部查询结果」","","1. 导出文件成功生成并下载
2. 文件包含全部查询结果数据
3. 导出列与列表当前展示列一致","通过","胡嘉斌","2026/8/12","李海珍","2026/7/31",""
"APS_JCPZ_0841","高级","基础配置","供应商管理","导出","验证导出供应商（按自定义列导出-勾选部分记录导出）是否正常","1.已登录系统
2.具有基础配置-供应商管理查看权限
3.列表中存在供应商数据","步骤1: 进入供应商管理列表页面
步骤2: 勾选部分记录
步骤3: 点击导出按钮选择「按自定义列导出-导出勾选记录」","","1. 导出文件仅包含勾选的记录
2. 数据正确无遗漏","通过","胡嘉斌","2026/8/12","李海珍","2026/7/31",""
"APS_JCPZ_0842","中级","基础配置","供应商管理","导出","验证导出供应商（按自定义列导出-导出字段顺序与列表一致）是否正常","1.已登录系统
2.具有基础配置-供应商管理查看权限
3.列表中存在供应商数据","步骤1: 调整列表列顺序
步骤2: 按自定义列导出
步骤3: 打开导出文件查看列顺序","数据量: 1000条以上","1. 导出文件列顺序与列表当前展示顺序一致","待定","胡嘉斌","2026/8/12","李海珍","2026/7/31",""
"APS_JCPZ_0843","中级","基础配置","供应商管理","导出","验证导出供应商（个人导出模板设置-全选字段）是否正常","1.已登录系统
2.具有基础配置-供应商管理查看权限
3.列表中存在供应商数据","步骤1: 打开个人导出模板设置
步骤2: 全选字段并保存
步骤3: 按个人导出模板导出","","1. 模板保存成功
2. 导出文件包含全部字段","通过","胡嘉斌","2026/8/12","李海珍","2026/7/31",""
"APS_JCPZ_0844","中级","基础配置","供应商管理","导出","验证导出供应商（个人导出模板设置-选择部分字段）是否正常","1.已登录系统
2.具有基础配置-供应商管理查看权限
3.列表中存在供应商数据","步骤1: 打开个人导出模板设置
步骤2: 选择部分字段并保存
步骤3: 按个人导出模板导出","","1. 导出文件仅包含所选字段","通过","胡嘉斌","2026/8/12","李海珍","2026/7/31",""
"APS_JCPZ_0845","中级","基础配置","供应商管理","导出","验证导出供应商（个人导出模板设置-拖动调整字段顺序）是否正常","1.已登录系统
2.具有基础配置-供应商管理查看权限
3.列表中存在供应商数据","步骤1: 打开个人导出模板设置
步骤2: 拖动调整字段顺序并保存
步骤3: 按个人导出模板导出","","1. 字段可拖拽排序
2. 导出文件列顺序与模板配置一致","通过","胡嘉斌","2026/8/12","李海珍","2026/7/31",""
"APS_JCPZ_0846","高级","基础配置","供应商管理","导出","验证导出供应商（按个人导出模板导出-导出全部查询结果）是否正常","1.已登录系统
2.具有基础配置-供应商管理查看权限
3.列表中存在供应商数据","步骤1: 设置个人导出模板
步骤2: 选择「按个人导出模板导出-导出全部查询结果」","数据量: 10万条以上","1. 按模板配置导出全部查询结果
2. 导出列与模板一致","待定","胡嘉斌","2026/8/12","李海珍","2026/7/31",""
"APS_JCPZ_0847","高级","基础配置","供应商管理","导出","验证导出供应商（按个人导出模板导出-勾选部分记录导出）是否正常","1.已登录系统
2.具有基础配置-供应商管理查看权限
3.列表中存在供应商数据","步骤1: 设置个人导出模板
步骤2: 勾选部分记录
步骤3: 选择「按个人导出模板导出-导出勾选记录」","用户A操作:隐藏部分字段并调整字段位置
导出方式:按自定义列导出","1. 按模板导出勾选记录
2. 导出列与模板一致","通过","胡嘉斌","2026/8/12","李海珍","2026/7/31",""
"APS_JCPZ_0848","低级","基础配置","供应商管理","导出","验证导出供应商（个人导出模板设置取消不保存）是否正常","1.已登录系统
2.具有基础配置-供应商管理查看权限
3.列表中存在供应商数据","步骤1: 打开个人导出模板设置
步骤2: 修改字段配置
步骤3: 点击「取消」","用户A模板:勾选字段X并调整顺序
用户B模板:勾选字段Y（与A不同）
导出方式:按个人导出模板导出","1. 取消后模板配置不保存
2. 模板保持原有配置","通过","胡嘉斌","2026/8/12","李海珍","2026/7/31",""
"APS_JCPZ_0849","中级","基础配置","供应商管理","导出","验证导出按钮及下拉菜单是否正常","1.已登录系统
2.具有基础配置-供应商管理查看权限
3.列表中存在供应商数据","步骤1: 进入供应商管理列表页面
步骤2: 点击「导出」按钮
步骤3: 查看下拉菜单","","1. 导出按钮正常展示
2. 下拉菜单包含按自定义列导出、按个人导出模板导出、个人导出模板设置等选项","通过","胡嘉斌","2026/8/12","李海珍","2026/7/31","导出按钮正常展示,下拉菜单包含按自定义列导出/按个人导出模板导出/个人导出模板配置"
"APS_JCPZ_0850","中级","基础配置","供应商管理","导出","验证设置列表字段隐藏/展示后按自定义列导出，导出文件仅包含展示字段","1.已登录系统
2.具有基础配置-供应商管理查看权限
3.列表中存在供应商数据","步骤1: 通过列设置隐藏部分字段
步骤2: 按自定义列导出
步骤3: 打开导出文件查看字段","","1. 导出文件仅包含列表当前展示的字段
2. 隐藏字段不导出","通过","胡嘉斌","2026/8/12","李海珍","2026/7/31",""
"APS_JCPZ_0851","中级","基础配置","供应商管理","导出","验证导出文件命名规范是否正常","1.已登录系统
2.具有基础配置-供应商管理查看权限
3.列表中存在供应商数据","步骤1: 执行导出操作
步骤2: 查看下载文件名","","1. 导出文件名符合命名规范（如：供应商管理_YYYYMMDD_HHmmss.xlsx）","通过","胡嘉斌","2026/8/12","李海珍","2026/7/31",""
"APS_JCPZ_0852","中级","基础配置","供应商管理","导出","验证导出文件格式及数据完整性校验","1.已登录系统
2.具有基础配置-供应商管理查看权限
3.列表中存在供应商数据","步骤1: 执行导出操作
步骤2: 打开导出文件检查格式与数据","","1. 文件为xlsx格式可正常打开
2. 数据行数与列表查询结果一致
3. 无乱码、无错位、无数据缺失","通过","胡嘉斌","2026/8/12","李海珍","2026/7/31",""
"APS_JCPZ_0853","中级","基础配置","供应商管理","导出","验证导出大数据量时是否正常","1.已登录系统
2.具有基础配置-供应商管理查看权限
3.供应商数据量大（如超过1万条）","步骤1: 不设置查询条件直接导出全部数据
步骤2: 观察导出过程","","1. 大数据量导出正常完成
2. 导出过程有进度提示
3. 导出文件数据完整","待定","胡嘉斌","2026/8/12","李海珍","2026/7/31",""
"APS_JCPZ_0854","中级","基础配置","供应商管理","导出","验证个人导出模板设置入口及基础功能是否正常","1.已登录系统
2.具有基础配置-供应商管理查看权限
3.列表中存在供应商数据","步骤1: 点击导出按钮下拉菜单
步骤2: 点击「个人导出模板设置」
步骤3: 查看设置面板","","1. 设置入口正常显示
2. 设置面板正常弹出
3. 面板功能区域展示完整","通过","胡嘉斌","2026/8/12","李海珍","2026/7/31",""
"APS_JCPZ_0855","中级","基础配置","供应商管理","导出","验证个人导出模板设置字段列表展示是否正常","1.已登录系统
2.具有基础配置-供应商管理查看权限
3.列表中存在供应商数据","步骤1: 打开个人导出模板设置
步骤2: 查看可选字段列表","","1. 字段列表展示全部21个可导出字段
2. 字段名称与列表字段一致","","胡嘉斌","2026/8/12","李海珍","2026/7/31",""
"APS_JCPZ_0856","中级","基础配置","供应商管理","导出","验证个人导出模板设置保存后重新打开是否保持","1.已登录系统
2.具有基础配置-供应商管理查看权限
3.列表中存在供应商数据","步骤1: 设置个人导出模板并保存
步骤2: 关闭后重新打开设置面板","","1. 重新打开后模板配置保持保存时的状态","","胡嘉斌","2026/8/12","李海珍","2026/7/31",""
"APS_JCPZ_0857","中级","基础配置","供应商管理","导出","未设置个人导出模板时，验证点击按个人导出模板导出是否给出提示","1.已登录系统
2.具有基础配置-供应商管理查看权限
3.当前用户未设置个人导出模板","步骤1: 点击导出按钮
步骤2: 选择「按个人导出模板导出」","","1. 给出未设置模板的提示信息
2. 不执行导出或引导去设置模板","","胡嘉斌","2026/8/12","李海珍","2026/7/31",""
"APS_JCPZ_0858","高级","基础配置","供应商管理","导出","验证导出大数据量超时处理是否正常","1.已登录系统
2.具有基础配置-供应商管理查看权限
3.供应商数据量极大","步骤1: 导出超大数据量
步骤2: 观察超时处理机制","","1. 超时后有明确提示
2. 支持异步导出或转后台任务
3. 系统不崩溃、无报错","","胡嘉斌","2026/8/12","李海珍","2026/7/31",""
"APS_JCPZ_0859","中级","基础配置","供应商管理","导出","验证无数据时导出是否正常","1.已登录系统
2.具有基础配置-供应商管理查看权限
3.列表中存在供应商数据","步骤1: 设置查询条件使结果为空
步骤2: 执行导出操作","","1. 提示无数据或导出仅含表头的空文件
2. 页面无报错","","胡嘉斌","2026/8/12","李海珍","2026/7/31",""
"APS_JCPZ_0860","中级","基础配置","供应商管理","导出","验证设置列表字段隐藏/展示/移动位置后，A/B用户按自定义列导出内容标题与各自列表一致","1.已登录系统
2.A、B两个用户分别配置了不同的列表字段展示","步骤1: A用户调整列表字段后按自定义列导出
步骤2: B用户调整列表字段后按自定义列导出
步骤3: 对比两人导出文件","","1. A、B用户导出文件内容与各自列表展示一致
2. 用户间配置互不影响","","胡嘉斌","2026/8/12","李海珍","2026/7/31",""
"APS_JCPZ_0861","中级","基础配置","供应商管理","导出","验证设置个人导出模板字段及顺序后，A/B用户按个人导出模板导出内容按各自模板配置","1.已登录系统
2.A、B两个用户分别设置了不同的个人导出模板","步骤1: A用户按个人导出模板导出
步骤2: B用户按个人导出模板导出
步骤3: 对比两人导出文件","","1. A、B用户导出文件按各自模板配置
2. 用户间模板互不影响","","胡嘉斌","2026/8/12","李海珍","2026/7/31",""
"APS_JCPZ_0862","高级","基础配置","供应商管理","供应商详情","验证通过供应商名称链接跳转详情页是否正常","1.已登录系统
2.具有基础配置-供应商管理查看权限
3.列表中存在供应商数据","步骤1: 进入供应商管理列表页面
步骤2: 点击某条记录的供应商名称链接","","1. 供应商名称显示为可点击链接
2. 点击后正常跳转至该供应商详情页
3. 详情页数据与列表该记录一致","通过","胡嘉斌","2026/8/12","李海珍","2026/7/31","点击供应商名称列超链接正常跳转供应商编辑详情页,页面数据与列表一致"
"APS_JCPZ_0863","中级","基础配置","供应商管理","供应商详情","验证详情页分组区域展示及展开/收起是否正常（基础信息、联系人信息）","1.已登录系统
2.具有基础配置-供应商管理查看权限
3.列表中存在供应商数据","步骤1: 进入供应商详情页
步骤2: 查看分组区域
步骤3: 分别点击各分组的展开/收起","","1. 详情页分「基础信息」「联系人信息」两个分组区域展示
2. 各区域可正常展开/收起","","胡嘉斌","2026/8/12","李海珍","2026/7/31",""
"APS_JCPZ_0864","高级","基础配置","供应商管理","供应商详情","验证基础信息区字段展示是否正常","1.已登录系统
2.具有基础配置-供应商管理查看权限
3.列表中存在供应商数据","步骤1: 进入供应商详情页
步骤2: 查看「基础信息」分组字段","","1. 正确展示：创建组织、使用组织、供应商类型、供应商编码、供应商名称、简称、国家、地址、数据状态、禁用状态、协同方式
2. 各字段值与金蝶ERP同步数据一致
3. 字段为空时展示正常","","胡嘉斌","2026/8/12","李海珍","2026/7/31",""
"APS_JCPZ_0865","中级","基础配置","供应商管理","供应商详情","验证联系人信息区字段展示是否正常","1.已登录系统
2.具有基础配置-供应商管理查看权限
3.列表中存在供应商数据","步骤1: 进入供应商详情页
步骤2: 查看「联系人信息」分组字段","","1. 正确展示：联系人、电话、手机、传真、电子邮箱、备注
2. 字段为空时展示正常","","胡嘉斌","2026/8/12","李海珍","2026/7/31",""
"APS_JCPZ_0866","中级","基础配置","供应商管理","供应商详情","验证详情页字段只读不可编辑","1.已登录系统
2.具有基础配置-供应商管理查看权限
3.列表中存在供应商数据","步骤1: 进入供应商详情页
步骤2: 尝试点击/编辑各区域字段","","1. 详情页所有字段均为只读展示，不可编辑","通过","胡嘉斌","2026/8/12","李海珍","2026/7/31","详情页字段均为只读展示(disabled select/readonly input),不可编辑"
"APS_JCPZ_0867","高级","基础配置","供应商管理","供应商详情","验证详情页数据与列表数据一致性","1.已登录系统
2.具有基础配置-供应商管理查看权限
3.列表中存在供应商数据","步骤1: 记录列表中某供应商各字段值
步骤2: 点击进入该供应商详情页
步骤3: 对比详情页与列表数据","","1. 详情页各字段值与列表对应记录完全一致","通过","胡嘉斌","2026/8/12","李海珍","2026/7/31","详情页字段值与列表对应记录一致"
"APS_JCPZ_0868","中级","基础配置","供应商管理","供应商详情","验证供应商详情页顶部操作按钮展示是否正常","1.已登录系统
2.具有基础配置-供应商管理查看权限
3.列表中存在供应商数据","步骤1: 进入供应商详情页
步骤2: 查看顶部操作按钮栏","","1. 顶部展示「返回」等操作按钮
2. 按钮状态正常","","胡嘉斌","2026/8/12","李海珍","2026/7/31",""
"APS_JCPZ_0869","中级","基础配置","供应商管理","供应商详情","验证详情页「返回」按钮功能是否正常","1.已登录系统
2.具有基础配置-供应商管理查看权限
3.列表中存在供应商数据","步骤1: 进入供应商详情页
步骤2: 点击「返回」按钮","","1. 点击返回回到供应商列表页
2. 列表保持进入详情前的查询/分页状态","通过","胡嘉斌","2026/8/12","李海珍","2026/7/31","点击返回正常回到供应商列表页"
"APS_JCPZ_0870","中级","基础配置","供应商管理","供应商详情","验证供应商详情页点击下一笔切换记录是否正常","1.已登录系统
2.具有基础配置-供应商管理查看权限
3.列表中存在供应商数据","步骤1: 进入供应商详情页
步骤2: 点击「下一笔」
步骤3: 在最后一条记录上点击「下一笔」","","1. 点击「下一笔」切换到下一条记录详情
2. 切换后数据正确加载
3. 最后一条时下一笔不可点击或给出提示","","胡嘉斌","2026/8/12","李海珍","2026/7/31",""
"APS_JCPZ_0871","中级","基础配置","供应商管理","供应商详情","验证供应商详情页点击上一笔切换记录是否正常","1.已登录系统
2.具有基础配置-供应商管理查看权限
3.列表中存在供应商数据","步骤1: 进入供应商详情页
步骤2: 点击「上一笔」
步骤3: 在第一条记录上点击「上一笔」","","1. 点击「上一笔」切换到上一条记录详情
2. 切换后数据正确加载
3. 第一条时上一笔不可点击或给出提示","","胡嘉斌","2026/8/12","李海珍","2026/7/31",""
"APS_JCPZ_0872","中级","基础配置","供应商管理","查看日志","验证点击记录操作列「日志」按钮弹出日志对话框是否正常","1.已登录系统
2.具有基础配置-供应商管理相关操作权限
3.系统中存在供应商数据","步骤1: 进入基础配置-供应商管理页面
步骤2: 任选一条供应商记录，点击操作列「日志」按钮","","1. 日志对话框正常弹出，页面无报错
2. 列表字段正确展示：操作时间、操作人、操作类型、操作内容、附件信息
3. 仅显示当前这条供应商的操作日志，无其他供应商日志数据串入","通过","胡嘉斌","2026/8/12","李海珍","2026/8/6","点击操作列「日志」按钮弹出日志对话框(共0条),页面无报错"
"APS_JCPZ_0873","中级","基础配置","供应商管理","查看日志","验证新增供应商（ERP同步）后日志记录是否正常","1.已登录系统
2.具有基础配置-供应商管理相关操作权限
3.金蝶ERP已新增供应商并同步至APS系统","步骤1: 在金蝶ERP新增一个供应商，等待同步至APS系统
步骤2: 在供应商管理列表中找到该供应商，点击操作列「日志」按钮
步骤3: 查看「新增」类型日志记录","","1. 生成一条「新增」操作日志
2. 操作时间、操作人正确
3. 操作内容展示新增供应商的字段值","","胡嘉斌","2026/8/12","李海珍","2026/8/6",""
"APS_JCPZ_0874","中级","基础配置","供应商管理","查看日志","验证编辑供应商（ERP同步）后日志记录是否正常","1.已登录系统
2.具有基础配置-供应商管理相关操作权限
3.金蝶ERP已修改供应商信息并同步至APS系统","步骤1: 在金蝶ERP修改某供应商的字段信息（如地址），等待同步至APS系统
步骤2: 在供应商管理列表中找到该供应商，点击操作列「日志」按钮
步骤3: 查看「编辑」类型日志记录","","1. 生成一条「编辑」操作日志
2. 操作内容按字段展示变更明细，格式如「字段名：原值XXX，改成XXX」
3. 多字段变更逐条展示无遗漏
4. 操作人、操作时间正确","","胡嘉斌","2026/8/12","李海珍","2026/8/6",""
"APS_JCPZ_0875","中级","基础配置","供应商管理","查看日志","验证编辑协同方式（本系统操作）后日志记录是否正常","1.已登录系统
2.具有基础配置-供应商管理相关操作权限
3.系统中存在供应商数据","步骤1: 在供应商管理列表点击某供应商的「编辑」按钮
步骤2: 修改协同方式（如线上→线下）并保存
步骤3: 点击该供应商操作列「日志」按钮
步骤4: 查看「编辑」类型日志记录","协同方式:线上→线下","1. 生成一条「编辑」操作日志
2. 操作内容按字段展示变更明细，如「协同方式：原值线上，改成线下」
3. 操作人为当前登录用户、操作时间正确","","胡嘉斌","2026/8/12","李海珍","2026/8/6",""
"APS_JCPZ_0876","中级","基础配置","供应商管理","查看日志","验证启用/停用供应商（ERP同步）后日志记录是否正常","1.已登录系统
2.具有基础配置-供应商管理相关操作权限
3.金蝶ERP已对供应商执行启用/停用并同步至APS系统","步骤1: 在金蝶ERP对某供应商执行停用（或启用），等待同步至APS系统
步骤2: 在供应商管理列表中找到该供应商，点击操作列「日志」按钮
步骤3: 查看「启用/停用」类型日志记录","","1. 分别生成「启用」/「停用」操作日志
2. 操作内容展示状态变更，如「状态：启用，改成停用」
3. 操作人、操作时间正确","","胡嘉斌","2026/8/12","李海珍","2026/8/6",""
"APS_JCPZ_0877","中级","基础配置","供应商管理","查看日志","验证日志对话框操作类型筛选是否正常","1.已登录系统
2.具有基础配置-供应商管理相关操作权限
3.系统中存在供应商数据","步骤1: 打开某供应商日志对话框
步骤2: 操作类型下拉分别选择「全部/新增/编辑/启用/停用」进行筛选","","1. 下拉选项包含：全部、新增、编辑、启用、停用（与本模块实际功能一致，无删除/导入/提交/审核/反审等类型）
2. 「全部」展示该供应商所有日志
3. 各类型筛选结果正确，无其他类型日志混入","","胡嘉斌","2026/8/12","李海珍","2026/8/6",""
"APS_JCPZ_0878","低级","基础配置","供应商管理","查看日志","验证日志对话框附件信息展示是否正常","1.已登录系统
2.具有基础配置-供应商管理相关操作权限
3.系统中存在供应商数据","步骤1: 打开某供应商日志对话框
步骤2: 查看日志记录的附件信息列","","1. 有附件的日志附件信息正常显示
2. 无附件的日志附件信息为空
3. 无乱码、无报错","","胡嘉斌","2026/8/12","李海珍","2026/8/6",""
"APS_JCPZ_0879","低级","基础配置","供应商管理","查看日志","验证无日志记录时日志对话框展示是否正常","1.已登录系统
2.具有基础配置-供应商管理相关操作权限
3.系统中存在未产生过日志的供应商数据","步骤1: 任选一条无日志记录的供应商，点击操作列「日志」按钮","","1. 日志对话框正常弹出
2. 列表为空或显示「暂无数据」提示
3. 页面无报错","","胡嘉斌","2026/8/12","李海珍","2026/8/6",""
"APS_JCPZ_0880","低级","基础配置","供应商管理","查看日志","验证关闭日志对话框是否正常","1.已登录系统
2.具有基础配置-供应商管理相关操作权限
3.系统中存在供应商数据","步骤1: 打开某供应商日志对话框
步骤2: 点击「×」或遮罩关闭对话框","","1. 对话框正常关闭
2. 返回供应商管理列表页
3. 列表查询条件及数据状态保持打开前状态","通过","胡嘉斌","2026/8/12","李海珍","2026/8/6","日志对话框通过×/遮罩正常关闭,返回列表页"
"APS_JCPZ_0881","中级","基础配置","供应商管理","查看日志","验证全局操作日志页面查询筛选是否正常","1.已登录系统
2.具有基础配置-供应商管理相关操作权限
3.系统中存在供应商数据
4.具有接口与日志-操作日志查看权限","步骤1: 进入接口与日志-操作日志页面
步骤2: 按操作类型/操作人/操作时间等条件查询供应商管理模块日志","","1. 页面正常加载
2. 各查询条件筛选结果正确
3. 供应商管理的新增/编辑/启用/停用/导出日志均可检索到","","胡嘉斌","2026/8/12","李海珍","2026/8/6",""
"APS_JCPZ_0882","中级","基础配置","供应商管理","查看日志","验证导出供应商后全局操作日志记录是否正常","1.已登录系统
2.具有基础配置-供应商管理相关操作权限
3.系统中存在供应商数据
4.具有接口与日志-操作日志查看权限","步骤1: 在供应商管理列表执行一次导出操作
步骤2: 进入接口与日志-操作日志页面
步骤3: 查询该导出操作的日志","","1. 生成一条「导出」操作日志
2. 操作内容包含导出条件/导出数据量，如「导出供应商管理列表，共XX条」
3. 操作人、操作时间正确","","胡嘉斌","2026/8/12","李海珍","2026/8/6",""
"APS_JCPZ_0883","中级","基础配置","供应商管理","数据权限","验证配置「供应商编码」字段范围表后，供应商管理列表仅展示符合条件的数据","1.已登录系统
2.已在数据范围配置适用对象为「供应商管理」、数据字段为「供应商编码」的范围表（校验规则：包含，条件值：TEST）
3.已在角色管理中为供应商管理功能应用该范围表并配置数据权限
4.已为测试账号分配该角色
5.供应商列表已存在符合与不符合范围条件的供应商数据","步骤1: 使用测试账号登录系统
步骤2: 进入基础配置-供应商管理页面
步骤3: 查看供应商列表数据及总条数
步骤4: 逐条核对列表中数据的「供应商编码」字段值","范围表:数据字段「供应商编码」，校验规则「包含」，条件值「TEST」
测试账号:（已分配角色的测试账号）","1. 列表仅展示「供应商编码」包含「TEST」的供应商数据
2. 不符合范围条件的供应商数据不展示
3. 列表数据条数与符合条件的数据一致
4. 页面无异常报错","","胡嘉斌","2026/8/12","李海珍","2026/8/6",""
"APS_JCPZ_0884","中级","基础配置","供应商管理","数据权限","验证配置「供应商名称」字段范围表后，供应商管理列表仅展示符合条件的数据","1.已登录系统
2.已在数据范围配置适用对象为「供应商管理」、数据字段为「供应商名称」的范围表（校验规则：包含，条件值：测试）
3.已在角色管理中为供应商管理功能应用该范围表并配置数据权限
4.已为测试账号分配该角色
5.供应商列表已存在符合与不符合范围条件的供应商数据","步骤1: 使用测试账号登录系统
步骤2: 进入基础配置-供应商管理页面
步骤3: 查看供应商列表数据及总条数
步骤4: 逐条核对列表中数据的「供应商名称」字段值","范围表:数据字段「供应商名称」，校验规则「包含」，条件值「测试」
测试账号:（已分配角色的测试账号）","1. 列表仅展示「供应商名称」包含「测试」的供应商数据
2. 不符合范围条件的供应商数据不展示
3. 列表数据条数与符合条件的数据一致
4. 页面无异常报错","","胡嘉斌","2026/8/12","李海珍","2026/8/6",""
"APS_JCPZ_0885","中级","基础配置","供应商管理","数据权限","验证配置「供应商简称」字段范围表后，供应商管理列表仅展示符合条件的数据","1.已登录系统
2.已在数据范围配置适用对象为「供应商管理」、数据字段为「供应商简称」的范围表（校验规则：包含，条件值：测试）
3.已在角色管理中为供应商管理功能应用该范围表并配置数据权限
4.已为测试账号分配该角色
5.供应商列表已存在符合与不符合范围条件的供应商数据","步骤1: 使用测试账号登录系统
步骤2: 进入基础配置-供应商管理页面
步骤3: 查看供应商列表数据及总条数
步骤4: 逐条核对列表中数据的「供应商简称」字段值","范围表:数据字段「供应商简称」，校验规则「包含」，条件值「测试」
测试账号:（已分配角色的测试账号）","1. 列表仅展示「供应商简称」包含「测试」的供应商数据
2. 不符合范围条件的供应商数据不展示
3. 列表数据条数与符合条件的数据一致
4. 页面无异常报错","","胡嘉斌","2026/8/12","李海珍","2026/8/6",""
"APS_JCPZ_0886","中级","基础配置","供应商管理","数据权限","验证配置「供应商类型」字段范围表后，供应商管理列表仅展示符合条件的数据","1.已登录系统
2.已在数据范围配置适用对象为「供应商管理」、数据字段为「供应商类型」的范围表（校验规则：等于，条件值：采购供应商）
3.已在角色管理中为供应商管理功能应用该范围表并配置数据权限
4.已为测试账号分配该角色
5.供应商列表已存在符合与不符合范围条件的供应商数据","步骤1: 使用测试账号登录系统
步骤2: 进入基础配置-供应商管理页面
步骤3: 查看供应商列表数据及总条数
步骤4: 逐条核对列表中数据的「供应商类型」字段值","范围表:数据字段「供应商类型」，校验规则「等于」，条件值「采购供应商」
测试账号:（已分配角色的测试账号）","1. 列表仅展示「供应商类型」等于「采购供应商」的供应商数据
2. 不符合范围条件的供应商数据不展示
3. 列表数据条数与符合条件的数据一致
4. 页面无异常报错","","胡嘉斌","2026/8/12","李海珍","2026/8/6",""
"APS_JCPZ_0887","中级","基础配置","供应商管理","数据权限","验证配置「国家」字段范围表后，供应商管理列表仅展示符合条件的数据","1.已登录系统
2.已在数据范围配置适用对象为「供应商管理」、数据字段为「国家」的范围表（校验规则：包含，条件值：中国）
3.已在角色管理中为供应商管理功能应用该范围表并配置数据权限
4.已为测试账号分配该角色
5.供应商列表已存在符合与不符合范围条件的供应商数据","步骤1: 使用测试账号登录系统
步骤2: 进入基础配置-供应商管理页面
步骤3: 查看供应商列表数据及总条数
步骤4: 逐条核对列表中数据的「国家」字段值","范围表:数据字段「国家」，校验规则「包含」，条件值「中国」
测试账号:（已分配角色的测试账号）","1. 列表仅展示「国家」包含「中国」的供应商数据
2. 不符合范围条件的供应商数据不展示
3. 列表数据条数与符合条件的数据一致
4. 页面无异常报错","","胡嘉斌","2026/8/12","李海珍","2026/8/6",""
"APS_JCPZ_0888","中级","基础配置","供应商管理","数据权限","验证配置「数据状态」字段范围表后，供应商管理列表仅展示符合条件的数据","1.已登录系统
2.已在数据范围配置适用对象为「供应商管理」、数据字段为「数据状态」的范围表（校验规则：等于，条件值：已审核）
3.已在角色管理中为供应商管理功能应用该范围表并配置数据权限
4.已为测试账号分配该角色
5.供应商列表已存在符合与不符合范围条件的供应商数据","步骤1: 使用测试账号登录系统
步骤2: 进入基础配置-供应商管理页面
步骤3: 查看供应商列表数据及总条数
步骤4: 逐条核对列表中数据的「数据状态」字段值","范围表:数据字段「数据状态」，校验规则「等于」，条件值「已审核」
测试账号:（已分配角色的测试账号）","1. 列表仅展示「数据状态」等于「已审核」的供应商数据
2. 不符合范围条件的供应商数据不展示
3. 列表数据条数与符合条件的数据一致
4. 页面无异常报错","","胡嘉斌","2026/8/12","李海珍","2026/8/6",""
"APS_JCPZ_0889","中级","基础配置","供应商管理","数据权限","验证配置「禁用状态」字段范围表后，供应商管理列表仅展示符合条件的数据","1.已登录系统
2.已在数据范围配置适用对象为「供应商管理」、数据字段为「禁用状态」的范围表（校验规则：等于，条件值：否）
3.已在角色管理中为供应商管理功能应用该范围表并配置数据权限
4.已为测试账号分配该角色
5.供应商列表已存在符合与不符合范围条件的供应商数据","步骤1: 使用测试账号登录系统
步骤2: 进入基础配置-供应商管理页面
步骤3: 查看供应商列表数据及总条数
步骤4: 逐条核对列表中数据的「禁用状态」字段值","范围表:数据字段「禁用状态」，校验规则「等于」，条件值「否」
测试账号:（已分配角色的测试账号）","1. 列表仅展示「禁用状态」等于「否」的供应商数据
2. 不符合范围条件的供应商数据不展示
3. 列表数据条数与符合条件的数据一致
4. 页面无异常报错","","胡嘉斌","2026/8/12","李海珍","2026/8/6",""
"APS_JCPZ_0890","中级","基础配置","供应商管理","数据权限","验证配置「协同方式」字段范围表后，供应商管理列表仅展示符合条件的数据","1.已登录系统
2.已在数据范围配置适用对象为「供应商管理」、数据字段为「协同方式」的范围表（校验规则：等于，条件值：线上）
3.已在角色管理中为供应商管理功能应用该范围表并配置数据权限
4.已为测试账号分配该角色
5.供应商列表已存在符合与不符合范围条件的供应商数据","步骤1: 使用测试账号登录系统
步骤2: 进入基础配置-供应商管理页面
步骤3: 查看供应商列表数据及总条数
步骤4: 逐条核对列表中数据的「协同方式」字段值","范围表:数据字段「协同方式」，校验规则「等于」，条件值「线上」
测试账号:（已分配角色的测试账号）","1. 列表仅展示「协同方式」等于「线上」的供应商数据
2. 不符合范围条件的供应商数据不展示
3. 列表数据条数与符合条件的数据一致
4. 页面无异常报错","","胡嘉斌","2026/8/12","李海珍","2026/8/6",""
"APS_JCPZ_0891","高级","基础配置","供应商管理","数据权限","验证角色配置「全部数据」数据权限时，授权用户查看供应商管理列表的数据范围","1.已登录系统
2.已在角色管理为测试角色配置数据权限为「全部数据」
3.已为测试账号分配该角色
4.系统已存在多级部门及分属不同部门创建的供应商数据","步骤1: 使用测试账号登录系统
步骤2: 进入基础配置-供应商管理页面
步骤3: 查看供应商列表数据及总条数
步骤4: 逐条核对列表中数据的部门归属（按数据创建人所在部门判断）","数据权限:全部数据
测试账号:（已分配角色的测试账号）","1. 列表展示全部供应商数据，无部门限制
2. 列表数据条数与系统供应商总数一致
3. 页面无异常报错","","胡嘉斌","2026/8/12","李海珍","2026/8/6",""
"APS_JCPZ_0892","高级","基础配置","供应商管理","数据权限","验证角色配置「本部门及以下数据」数据权限时，授权用户查看供应商管理列表的数据范围","1.已登录系统
2.已在角色管理为测试角色配置数据权限为「本部门及以下数据」
3.已为测试账号分配该角色
4.系统已存在多级部门及分属不同部门创建的供应商数据","步骤1: 使用测试账号登录系统
步骤2: 进入基础配置-供应商管理页面
步骤3: 查看供应商列表数据及总条数
步骤4: 逐条核对列表中数据的部门归属（按数据创建人所在部门判断）","数据权限:本部门及以下数据
测试账号:（已分配角色的测试账号）","1. 列表仅展示测试账号所在部门及其下级部门创建的供应商数据
2. 其他部门（含上级、平级其他分支）创建的供应商数据不展示
3. 页面无异常报错","","胡嘉斌","2026/8/12","李海珍","2026/8/6",""
"APS_JCPZ_0893","高级","基础配置","供应商管理","数据权限","验证角色配置「本部门数据」数据权限时，授权用户查看供应商管理列表的数据范围","1.已登录系统
2.已在角色管理为测试角色配置数据权限为「本部门数据」
3.已为测试账号分配该角色
4.系统已存在多级部门及分属不同部门创建的供应商数据","步骤1: 使用测试账号登录系统
步骤2: 进入基础配置-供应商管理页面
步骤3: 查看供应商列表数据及总条数
步骤4: 逐条核对列表中数据的部门归属（按数据创建人所在部门判断）","数据权限:本部门数据
测试账号:（已分配角色的测试账号）","1. 列表仅展示测试账号所在部门创建的供应商数据
2. 下级部门及其他部门创建的供应商数据不展示
3. 页面无异常报错","","胡嘉斌","2026/8/12","李海珍","2026/8/6",""
"APS_JCPZ_0894","高级","基础配置","供应商管理","数据权限","验证角色配置「仅本人数据」数据权限时，授权用户查看供应商管理列表的数据范围","1.已登录系统
2.已在角色管理为测试角色配置数据权限为「仅本人数据」
3.已为测试账号分配该角色
4.系统已存在多级部门及分属不同部门创建的供应商数据","步骤1: 使用测试账号登录系统
步骤2: 进入基础配置-供应商管理页面
步骤3: 查看供应商列表数据及总条数
步骤4: 逐条核对列表中数据的部门归属（按数据创建人所在部门判断）","数据权限:仅本人数据
测试账号:（已分配角色的测试账号）","1. 列表仅展示测试账号本人创建的供应商数据
2. 本部门其他人员及其他部门创建的供应商数据不展示
3. 页面无异常报错","","胡嘉斌","2026/8/12","李海珍","2026/8/6",""
"APS_JCPZ_0895","高级","基础配置","供应商管理","数据权限","验证角色配置「自定义分配部门」数据权限时，授权用户查看供应商管理列表的数据范围","1.已登录系统
2.已在角色管理为测试角色配置数据权限为「自定义分配部门」
3.已为测试账号分配该角色
4.系统已存在多级部门及分属不同部门创建的供应商数据","步骤1: 使用测试账号登录系统
步骤2: 进入基础配置-供应商管理页面
步骤3: 查看供应商列表数据及总条数
步骤4: 逐条核对列表中数据的部门归属（按数据创建人所在部门判断）","数据权限:自定义分配部门
测试账号:（已分配角色的测试账号）","1. 列表仅展示角色自定义分配部门创建的供应商数据
2. 未分配部门创建的供应商数据不展示
3. 页面无异常报错","","胡嘉斌","2026/8/12","李海珍","2026/8/6",""
"APS_JCPZ_0896","高级","基础配置","供应商管理","数据权限","验证范围表+「全部数据」数据权限时，供应商管理列表双重过滤取交集是否正常","1.已登录系统
2.已在数据范围配置适用对象为「供应商管理」、数据字段为「供应商名称」的范围表（校验规则：包含，条件值：测试）
3.已在角色管理中为供应商管理功能应用该范围表并配置数据权限为「全部数据」
4.已为测试账号分配该角色
5.测试账号所在部门及多级部门已存在供应商测试数据（含本部门/下级/其他分支，确保交集、差集场景均可验证）","步骤1: 使用测试账号登录系统
步骤2: 进入基础配置-供应商管理页面
步骤3: 查看供应商列表数据及总条数
步骤4: 逐条核对列表中数据的「供应商名称」字段值及部门归属（按数据创建人所在部门判断）","基准范围表:数据字段「供应商名称」，校验规则「包含」，条件值「测试」
数据权限:全部数据
测试账号:（已分配角色的测试账号）","1. 全部组织中符合范围条件（供应商名称包含「测试」）的供应商数据可见
2. 范围外供应商数据不展示
3. 无部门层级限制
4. 列表数据条数与交集数据一致
5. 页面无异常报错","","胡嘉斌","2026/8/12","李海珍","2026/8/6",""
"APS_JCPZ_0897","高级","基础配置","供应商管理","数据权限","验证范围表+「本部门及以下数据」数据权限时，供应商管理列表双重过滤取交集是否正常","1.已登录系统
2.已在数据范围配置适用对象为「供应商管理」、数据字段为「供应商名称」的范围表（校验规则：包含，条件值：测试）
3.已在角色管理中为供应商管理功能应用该范围表并配置数据权限为「本部门及以下数据」
4.已为测试账号分配该角色
5.测试账号所在部门及多级部门已存在供应商测试数据（含本部门/下级/其他分支，确保交集、差集场景均可验证）","步骤1: 使用测试账号登录系统
步骤2: 进入基础配置-供应商管理页面
步骤3: 查看供应商列表数据及总条数
步骤4: 逐条核对列表中数据的「供应商名称」字段值及部门归属（按数据创建人所在部门判断）","基准范围表:数据字段「供应商名称」，校验规则「包含」，条件值「测试」
数据权限:本部门及以下数据
测试账号:（已分配角色的测试账号）","1. 测试账号所在部门及其下级部门中，符合范围条件（供应商名称包含「测试」）的供应商数据可见（双重过滤取交集）
2. 范围外或部门外的供应商数据不展示
4. 列表数据条数与交集数据一致
5. 页面无异常报错","","胡嘉斌","2026/8/12","李海珍","2026/8/6",""
"APS_JCPZ_0898","高级","基础配置","供应商管理","数据权限","验证范围表+「本部门数据」数据权限时，供应商管理列表双重过滤取交集是否正常","1.已登录系统
2.已在数据范围配置适用对象为「供应商管理」、数据字段为「供应商名称」的范围表（校验规则：包含，条件值：测试）
3.已在角色管理中为供应商管理功能应用该范围表并配置数据权限为「本部门数据」
4.已为测试账号分配该角色
5.测试账号所在部门及多级部门已存在供应商测试数据（含本部门/下级/其他分支，确保交集、差集场景均可验证）","步骤1: 使用测试账号登录系统
步骤2: 进入基础配置-供应商管理页面
步骤3: 查看供应商列表数据及总条数
步骤4: 逐条核对列表中数据的「供应商名称」字段值及部门归属（按数据创建人所在部门判断）","基准范围表:数据字段「供应商名称」，校验规则「包含」，条件值「测试」
数据权限:本部门数据
测试账号:（已分配角色的测试账号）","1. 测试账号所在部门中，符合范围条件（供应商名称包含「测试」）的供应商数据可见（双重过滤取交集）
2. 范围外或部门外的供应商数据不展示
4. 列表数据条数与交集数据一致
5. 页面无异常报错","","胡嘉斌","2026/8/12","李海珍","2026/8/6",""
"APS_JCPZ_0899","高级","基础配置","供应商管理","数据权限","验证范围表+「仅本人数据」数据权限时，供应商管理列表双重过滤取交集是否正常","1.已登录系统
2.已在数据范围配置适用对象为「供应商管理」、数据字段为「供应商名称」的范围表（校验规则：包含，条件值：测试）
3.已在角色管理中为供应商管理功能应用该范围表并配置数据权限为「仅本人数据」
4.已为测试账号分配该角色
5.测试账号所在部门及多级部门已存在供应商测试数据（含本部门/下级/其他分支，确保交集、差集场景均可验证）","步骤1: 使用测试账号登录系统
步骤2: 进入基础配置-供应商管理页面
步骤3: 查看供应商列表数据及总条数
步骤4: 逐条核对列表中数据的「供应商名称」字段值及部门归属（按数据创建人所在部门判断）","基准范围表:数据字段「供应商名称」，校验规则「包含」，条件值「测试」
数据权限:仅本人数据
测试账号:（已分配角色的测试账号）","1. 测试账号本人创建的、符合范围条件（供应商名称包含「测试」）的供应商数据可见（双重过滤取交集）
2. 范围外或非本人创建的供应商数据不展示
4. 列表数据条数与交集数据一致
5. 页面无异常报错","","胡嘉斌","2026/8/12","李海珍","2026/8/6",""
"APS_JCPZ_0900","高级","基础配置","供应商管理","数据权限","验证范围表+「自定义分配部门」数据权限时，供应商管理列表双重过滤取交集是否正常","1.已登录系统
2.已在数据范围配置适用对象为「供应商管理」、数据字段为「供应商名称」的范围表（校验规则：包含，条件值：测试）
3.已在角色管理中为供应商管理功能应用该范围表并配置数据权限为「自定义分配部门」
4.已为测试账号分配该角色
5.测试账号所在部门及多级部门已存在供应商测试数据（含本部门/下级/其他分支，确保交集、差集场景均可验证）","步骤1: 使用测试账号登录系统
步骤2: 进入基础配置-供应商管理页面
步骤3: 查看供应商列表数据及总条数
步骤4: 逐条核对列表中数据的「供应商名称」字段值及部门归属（按数据创建人所在部门判断）","基准范围表:数据字段「供应商名称」，校验规则「包含」，条件值「测试」
数据权限:自定义分配部门
测试账号:（已分配角色的测试账号）","1. 角色自定义分配部门中，符合范围条件（供应商名称包含「测试」）的供应商数据可见（双重过滤取交集）
2. 范围外或未分配部门的供应商数据不展示
4. 列表数据条数与交集数据一致
5. 页面无异常报错","","胡嘉斌","2026/8/12","李海珍","2026/8/6",""
"APS_JCPZ_0901","高级","基础配置","供应商管理","数据权限","验证多角色叠加时，供应商管理列表数据可见范围符合系统叠加规则","1.已登录系统
2.已为测试账号分配多个角色，各角色配置了不同的数据权限及范围表
3.供应商列表已存在分属不同范围条件的数据","步骤1: 使用测试账号登录系统
步骤2: 进入基础配置-供应商管理页面
步骤3: 查看供应商列表数据及总条数
步骤4: 核对列表数据范围与各角色权限合集的关系","测试账号:（已分配多个角色的测试账号）","1. 列表数据可见范围符合系统叠加规则（并集/优先级规则，以产品设计为准）
2. 不出现超出角色权限合集的数据
3. 页面无异常报错","","胡嘉斌","2026/8/12","李海珍","2026/8/6",""
"APS_JCPZ_0902","高级","基础配置","供应商管理","数据权限","验证导出时数据范围及数据权限过滤生效，导出文件仅含权限范围内数据","1.已登录系统
2.已为测试账号配置数据权限及范围表
3.供应商列表已存在符合与不符合范围条件的数据","步骤1: 使用测试账号登录系统
步骤2: 进入基础配置-供应商管理页面
步骤3: 记录当前列表数据条数
步骤4: 执行导出操作
步骤5: 打开导出文件核对数据内容及条数","测试账号:（已配置数据权限及范围表的测试账号）","1. 导出文件仅包含权限范围内的供应商数据，无越权数据
2. 导出数据条数与列表展示条数一致
3. 页面无异常报错","","胡嘉斌","2026/8/12","李海珍","2026/8/6",""
"APS_JCPZ_0903","中级","基础配置","供应商管理","数据权限","验证取消用户角色授权后，数据权限及字段范围不再生效","1.已登录系统
2.测试账号原已分配配置了数据权限及范围表的角色
3.管理员已取消该测试账号的角色授权","步骤1: 管理员在用户管理中取消测试账号的角色授权
步骤2: 使用测试账号重新登录系统
步骤3: 查看基础配置-供应商管理菜单及列表数据","测试账号:（已取消角色授权的测试账号）","1. 供应商管理菜单/数据随授权回收
2. 原数据权限及字段范围过滤不再生效
3. 无残留权限","","胡嘉斌","2026/8/12","李海珍","2026/8/6",""
